0,0,learnbuddy-frontend-prod-5bfc5cdd8f-hxsc8,4,0,0
1,0,runner-gitlab-runner-6bf97bb9b9-7q8hq,2,0,0
2,0,fsm-backend-prod-579b7846b9-9kt4p,5827,0,0
3,0,learnbuddy-backend-stg-75587bf7c-r7529,592,100,0
4,0,nginx-ingress-controller-5b6697898-zqxl4,774,0,0
5,0,fsm-backend-prod-579b7846b9-88vqc,4725,0,0
6,0,nginx-ingress-controller-5b6697898-7wjsr,831,0,0
7,0,fsm-frontend-prod-c97f7b8c6-p7n7p,276,0,0
8,0,fsm-frontend-prod-c97f7b8c6-r5mnt,278,0,0
9,0,cert-manager-5695c78d49-q9s9j,1360,0,0
10,0,fsm-backend-cron-prod-6bd6459455-sl24t,54027,0,0
11,0,fsm-teachers-frontend-prod-558cb94cd4-8s6zz,230,0,0
12,0,fsm-backend-prod-579b7846b9-tbgf4,5317,0,0
13,1,fsm-backend-prod-579b7846b9-k52b6,1330,0,0
14,1,cert-manager-cainjector-658b6dbf77-8t625,75,0,0
15,1,learnbuddy-backend-stg-75587bf7c-r7529,596,100,0
16,1,nginx-ingress-controller-5b6697898-7wjsr,496,0,0
17,1,fsm-teachers-frontend-prod-558cb94cd4-8s6zz,254,0,0
18,1,runner-gitlab-runner-6bf97bb9b9-7q8hq,6,0,0
19,1,learnbuddy-frontend-prod-5bfc5cdd8f-hxsc8,2,1,0
20,1,fsm-backend-prod-579b7846b9-tbgf4,51,0,0
21,1,fsm-backend-prod-579b7846b9-cclgc,614,0,0
22,1,fsm-backend-prod-579b7846b9-59t62,132,0,0
23,1,fsm-frontend-prod-c97f7b8c6-p7n7p,246,0,0
24,1,fsm-backend-prod-579b7846b9-hlkhl,1205,0,0
25,1,fsm-backend-prod-579b7846b9-kvt72,961,0,0
26,1,fsm-backend-prod-579b7846b9-88vqc,1,0,0
27,1,fsm-backend-cron-prod-6bd6459455-j5cmk,1049,0,0
28,1,centralized-user-prod-78bc9f7b96-txbcl,26,0,0
29,1,fsm-frontend-prod-c97f7b8c6-r5mnt,244,0,0
30,1,cert-manager-5695c78d49-q9s9j,1364,0,0
31,1,fsm-backend-cron-prod-6bd6459455-ktlpr,420,0,0
32,1,fsm-backend-prod-579b7846b9-c2fqn,268,0,0
33,1,nginx-ingress-controller-5b6697898-zqxl4,497,0,0
34,1,fsm-backend-prod-579b7846b9-9kt4p,50,0,0
35,2,fsm-backend-prod-579b7846b9-cclgc,1576,0,0
36,2,nginx-ingress-controller-5b6697898-7wjsr,410,0,0
37,2,learnbuddy-backend-stg-75587bf7c-r7529,596,100,0
38,2,fsm-backend-prod-579b7846b9-59t62,2162,0,0
39,2,fsm-teachers-frontend-prod-558cb94cd4-8s6zz,202,0,0
40,2,fsm-frontend-prod-c97f7b8c6-p7n7p,364,0,0
41,2,cert-manager-5695c78d49-q9s9j,1356,0,0
42,2,learnbuddy-frontend-prod-5bfc5cdd8f-hxsc8,42,0,0
43,2,fsm-frontend-prod-c97f7b8c6-r5mnt,364,0,0
44,2,fsm-backend-prod-579b7846b9-kvt72,1489,0,0
45,2,cert-manager-cainjector-658b6dbf77-8t625,11,0,0
46,2,nginx-ingress-controller-5b6697898-zqxl4,339,0,0
47,2,fsm-backend-cron-prod-6bd6459455-ktlpr,67666,0,0
48,3,centralized-user-prod-78bc9f7b96-txbcl,26,0,0
49,3,fsm-backend-prod-579b7846b9-kvt72,3250,0,0
50,3,fsm-backend-prod-579b7846b9-59t62,520,0,0
51,3,learnbuddy-backend-stg-75587bf7c-r7529,600,100,0
52,3,nginx-ingress-controller-5b6697898-7wjsr,221,0,0
53,3,fsm-backend-prod-579b7846b9-cclgc,540,0,0
54,3,cert-manager-cainjector-658b6dbf77-8t625,127,0,0
55,3,fsm-frontend-prod-c97f7b8c6-r5mnt,364,0,0
56,3,nginx-ingress-controller-5b6697898-zqxl4,165,0,0
57,3,fsm-backend-cron-prod-6bd6459455-ktlpr,66814,0,0
58,3,fsm-frontend-prod-c97f7b8c6-p7n7p,360,0,0
59,3,cert-manager-5695c78d49-q9s9j,1364,0,0
60,3,fsm-teachers-frontend-prod-558cb94cd4-8s6zz,226,0,0
61,3,learnbuddy-frontend-stg-76c798ccf7-bqqgd,4,0,0
62,3,learnbuddy-frontend-prod-5bfc5cdd8f-hxsc8,48,0,0
63,4,cert-manager-5695c78d49-q9s9j,1360,0,0
64,4,fsm-backend-prod-579b7846b9-59t62,319,0,0
65,4,learnbuddy-backend-stg-75587bf7c-r7529,588,100,0
66,4,fsm-backend-prod-579b7846b9-kvt72,464,0,0
67,4,fsm-teachers-frontend-prod-558cb94cd4-8s6zz,200,0,0
68,4,fsm-backend-prod-579b7846b9-cclgc,627,0,0
69,4,fsm-frontend-prod-c97f7b8c6-r5mnt,374,0,0
70,4,nginx-ingress-controller-5b6697898-7wjsr,148,0,0
71,4,fsm-backend-cron-prod-6bd6459455-ktlpr,66595,0,0
72,4,nginx-ingress-controller-5b6697898-zqxl4,149,0,0
73,4,fsm-frontend-prod-c97f7b8c6-p7n7p,374,0,0
74,4,learnbuddy-frontend-prod-5bfc5cdd8f-hxsc8,4,0,0
75,5,fsm-backend-prod-579b7846b9-kvt72,10,0,0
76,5,cert-manager-5695c78d49-q9s9j,1357,0,0
77,5,cert-manager-cainjector-658b6dbf77-8t625,90,0,0
78,5,fsm-backend-prod-579b7846b9-pf9wp,1202,0,0
79,5,fsm-backend-prod-579b7846b9-cclgc,30,0,0
80,5,fsm-frontend-prod-c97f7b8c6-r5mnt,286,0,0
81,5,nginx-ingress-controller-5b6697898-7wjsr,230,0,0
82,5,fsm-backend-cron-prod-6bd6459455-p9p49,1094,0,0
83,5,nginx-ingress-controller-5b6697898-zqxl4,241,0,0
84,5,learnbuddy-frontend-prod-5bfc5cdd8f-bw8r4,2,0,0
85,5,fsm-frontend-prod-c97f7b8c6-88psm,204,0,0
86,5,fsm-backend-prod-579b7846b9-59t62,9,0,0
87,5,learnbuddy-frontend-stg-76c798ccf7-bqqgd,2,0,0
88,5,learnbuddy-backend-stg-75587bf7c-r7529,600,100,0
89,5,fsm-frontend-prod-c97f7b8c6-p7n7p,286,0,0
90,5,fsm-teachers-frontend-prod-558cb94cd4-8s6zz,200,0,0
91,5,fsm-backend-cron-prod-6bd6459455-ktlpr,45553,0,0
92,5,fsm-backend-prod-579b7846b9-krvsh,1845,0,0
93,5,fsm-backend-prod-579b7846b9-stpj9,504,0,0
94,5,fsm-frontend-prod-c97f7b8c6-6wb8r,204,0,0
95,6,fsm-backend-prod-579b7846b9-stpj9,5251,0,0
96,6,cert-manager-5695c78d49-q9s9j,1356,0,0
97,6,fsm-frontend-prod-c97f7b8c6-88psm,420,0,0
98,6,learnbuddy-frontend-prod-5bfc5cdd8f-bw8r4,112,0,0
99,6,fsm-backend-cron-prod-6bd6459455-p9p49,26650,0,0
100,6,learnbuddy-backend-stg-75587bf7c-r7529,584,100,0
101,6,fsm-teachers-frontend-prod-558cb94cd4-8s6zz,250,0,0
102,6,centralized-user-prod-78bc9f7b96-txbcl,58,0,0
103,6,fsm-backend-prod-579b7846b9-krvsh,2904,0,0
104,6,learnbuddy-backend-prod-5969b7c99c-k9bqm,857,45,8
105,6,nginx-ingress-controller-5b6697898-zqxl4,301,0,0
106,6,cert-manager-cainjector-658b6dbf77-8t625,29,0,0
107,6,fsm-frontend-prod-c97f7b8c6-6wb8r,420,0,0
108,6,learnbuddy-frontend-stg-76c798ccf7-bqqgd,2,0,0
109,6,fsm-backend-prod-579b7846b9-pf9wp,9123,0,0
110,6,nginx-ingress-controller-5b6697898-7wjsr,309,0,0
111,7,fsm-backend-prod-579b7846b9-qbxjw,696,0,0
112,7,learnbuddy-backend-prod-5969b7c99c-968bv,100,0,0
113,7,centralized-user-prod-78bc9f7b96-txbcl,116,0,0
114,7,fsm-frontend-prod-c97f7b8c6-6wb8r,586,0,0
115,7,fsm-backend-prod-579b7846b9-krvsh,10014,0,0
116,7,fsm-teachers-frontend-prod-558cb94cd4-8s6zz,262,0,0
117,7,learnbuddy-backend-prod-5969b7c99c-k89b7,100,0,0
118,7,learnbuddy-backend-prod-5969b7c99c-k9bqm,6108,144,10
119,7,fsm-frontend-prod-c97f7b8c6-88psm,584,0,0
120,7,learnbuddy-backend-stg-75587bf7c-r7529,600,100,0
121,7,fsm-backend-prod-579b7846b9-pf9wp,9487,0,0
122,7,learnbuddy-backend-prod-5969b7c99c-wkg85,401,12,2
123,7,learnbuddy-backend-prod-5969b7c99c-vfqts,338,4,2
124,7,learnbuddy-frontend-prod-5bfc5cdd8f-wmfbn,2,0,0
125,7,cert-manager-cainjector-658b6dbf77-8t625,44,0,0
126,7,nginx-ingress-controller-5b6697898-7wjsr,665,0,0
127,7,fsm-backend-cron-prod-6bd6459455-p9p49,1141,0,0
128,7,fsm-backend-prod-579b7846b9-stpj9,3318,0,0
129,7,cert-manager-5695c78d49-q9s9j,1364,0,0
130,7,nginx-ingress-controller-5b6697898-zqxl4,704,0,0
131,7,learnbuddy-backend-prod-5969b7c99c-gcqbg,176,3,2
132,7,learnbuddy-frontend-prod-5bfc5cdd8f-bw8r4,86,0,0
133,8,learnbuddy-frontend-prod-5bfc5cdd8f-wmfbn,18,0,0
134,8,fsm-backend-prod-579b7846b9-krvsh,7998,0,0
135,8,fsm-frontend-prod-c97f7b8c6-6wb8r,892,0,0
136,8,learnbuddy-backend-stg-75587bf7c-r7529,596,100,0
137,8,fsm-backend-cron-prod-6bd6459455-p9p49,1138,0,0
138,8,cert-manager-cainjector-658b6dbf77-8t625,11,0,0
139,8,nginx-ingress-controller-5b6697898-zqxl4,870,0,0
140,8,cert-manager-5695c78d49-q9s9j,1356,0,0
141,8,learnbuddy-backend-prod-5969b7c99c-k9bqm,150,3,0
142,8,fsm-backend-prod-579b7846b9-qbxjw,6152,0,0
143,8,nginx-ingress-controller-5b6697898-7wjsr,989,0,0
144,8,fsm-backend-prod-579b7846b9-stpj9,9035,0,0
145,8,fsm-frontend-prod-c97f7b8c6-88psm,893,0,1
146,8,fsm-teachers-frontend-prod-558cb94cd4-8s6zz,322,0,0
147,9,fsm-backend-prod-579b7846b9-qbxjw,9612,0,0
148,9,nginx-ingress-controller-5b6697898-7wjsr,1670,0,0
149,9,fsm-backend-prod-579b7846b9-stpj9,16243,0,0
150,9,cert-manager-5695c78d49-q9s9j,1360,0,0
151,9,learnbuddy-backend-prod-5969b7c99c-k9bqm,3662,341,18
152,9,learnbuddy-frontend-prod-5bfc5cdd8f-wmfbn,242,0,0
153,9,nginx-ingress-controller-5b6697898-zqxl4,1651,0,0
154,9,learnbuddy-backend-stg-75587bf7c-r7529,592,100,0
155,9,fsm-teachers-frontend-prod-558cb94cd4-8s6zz,292,0,0
156,9,fsm-backend-prod-579b7846b9-krvsh,11998,0,0
157,9,centralized-user-prod-78bc9f7b96-txbcl,656,0,0
158,9,fsm-backend-cron-prod-6bd6459455-p9p49,1208,0,0
159,9,cert-manager-cainjector-658b6dbf77-8t625,56,0,0
160,9,fsm-frontend-prod-c97f7b8c6-6wb8r,920,0,0
161,9,fsm-frontend-prod-c97f7b8c6-88psm,920,0,0
162,10,cert-manager-cainjector-658b6dbf77-8t625,90,0,0
163,10,fsm-backend-prod-579b7846b9-qbxjw,7957,0,0
164,10,fsm-backend-prod-579b7846b9-stpj9,10467,0,0
165,10,fsm-backend-cron-prod-6bd6459455-p9p49,125000,0,0
166,10,nginx-ingress-controller-5b6697898-7wjsr,2767,0,0
167,10,fsm-frontend-prod-c97f7b8c6-88psm,1056,0,2
168,10,learnbuddy-backend-stg-75587bf7c-r7529,596,100,0
169,10,learnbuddy-frontend-stg-76c798ccf7-bqqgd,2,0,0
170,10,fsm-backend-prod-579b7846b9-krvsh,12801,0,0
171,10,centralized-user-prod-78bc9f7b96-txbcl,34316,0,0
172,10,learnbuddy-backend-prod-5969b7c99c-k9bqm,3487,304,8
173,10,fsm-teachers-frontend-prod-558cb94cd4-8s6zz,296,0,0
174,10,nginx-ingress-controller-5b6697898-zqxl4,3105,0,0
175,10,learnbuddy-frontend-prod-5bfc5cdd8f-wmfbn,560,0,0
176,10,fsm-frontend-prod-c97f7b8c6-6wb8r,1054,0,2
177,10,cert-manager-5695c78d49-q9s9j,1363,0,0
178,11,learnbuddy-frontend-prod-5bfc5cdd8f-wmfbn,56,0,0
179,11,fsm-frontend-prod-c97f7b8c6-6wb8r,1124,0,2
180,11,fsm-backend-prod-579b7846b9-qbxjw,8546,0,0
181,11,learnbuddy-backend-stg-75587bf7c-r7529,596,100,0
182,11,nginx-ingress-controller-5b6697898-7wjsr,3237,0,0
183,11,nginx-ingress-controller-5b6697898-zqxl4,3673,0,0
184,11,learnbuddy-backend-prod-5969b7c99c-fr2bn,100,0,0
185,11,learnbuddy-backend-prod-5969b7c99c-bzlkg,100,0,0
186,11,cert-manager-cainjector-658b6dbf77-8t625,187,0,0
187,11,fsm-frontend-prod-c97f7b8c6-88psm,1122,0,2
188,11,cert-manager-5695c78d49-q9s9j,1357,0,0
189,11,fsm-backend-cron-prod-6bd6459455-p9p49,81362,0,0
190,11,learnbuddy-backend-prod-5969b7c99c-k9bqm,2409,139,7
191,11,fsm-backend-prod-579b7846b9-krvsh,13360,0,0
192,11,learnbuddy-backend-prod-5969b7c99c-lcgsm,100,0,0
193,11,fsm-teachers-frontend-prod-558cb94cd4-8s6zz,352,0,0
194,11,fsm-backend-prod-579b7846b9-stpj9,18440,0,0
195,12,cert-manager-5695c78d49-q9s9j,1360,0,0
196,12,fsm-backend-prod-579b7846b9-stpj9,40929,0,0
197,12,nginx-ingress-controller-5b6697898-zqxl4,4327,0,0
198,12,fsm-teachers-frontend-prod-558cb94cd4-8s6zz,276,0,0
199,12,nginx-ingress-controller-5b6697898-7wjsr,4339,0,0
200,12,cert-manager-cainjector-658b6dbf77-8t625,211,0,0
201,12,fsm-backend-cron-prod-6bd6459455-p9p49,7523,0,0
202,12,learnbuddy-backend-stg-75587bf7c-r7529,600,100,0
203,12,centralized-user-prod-78bc9f7b96-txbcl,296,0,0
204,12,fsm-frontend-prod-c97f7b8c6-88psm,1234,0,0
205,12,fsm-backend-prod-579b7846b9-krvsh,20648,0,0
206,12,fsm-backend-prod-579b7846b9-qbxjw,23967,0,0
207,12,learnbuddy-frontend-prod-5bfc5cdd8f-wmfbn,124,0,0
208,12,learnbuddy-backend-prod-5969b7c99c-k9bqm,1753,104,9
209,12,fsm-frontend-prod-c97f7b8c6-6wb8r,1231,0,3
210,13,nginx-ingress-controller-5b6697898-7wjsr,1710,0,0
211,13,cert-manager-5695c78d49-q9s9j,1360,0,0
212,13,learnbuddy-backend-prod-5969b7c99c-k9bqm,1956,106,0
213,13,nginx-ingress-controller-5b6697898-zqxl4,1816,0,0
214,13,fsm-backend-prod-579b7846b9-qbxjw,13612,0,0
215,13,fsm-backend-prod-579b7846b9-stpj9,26307,0,0
216,13,fsm-frontend-prod-c97f7b8c6-88psm,1150,0,2
217,13,learnbuddy-frontend-prod-5bfc5cdd8f-wmfbn,152,0,0
218,13,learnbuddy-backend-stg-75587bf7c-r7529,600,100,0
219,13,fsm-teachers-frontend-prod-558cb94cd4-8s6zz,362,0,0
220,13,centralized-user-prod-78bc9f7b96-txbcl,354,0,0
221,13,cert-manager-cainjector-658b6dbf77-8t625,123,0,0
222,13,fsm-backend-cron-prod-6bd6459455-p9p49,6864,0,0
223,13,fsm-backend-prod-579b7846b9-krvsh,19780,0,0
224,13,fsm-frontend-prod-c97f7b8c6-6wb8r,1153,0,1
225,14,cert-manager-cainjector-658b6dbf77-8t625,45,0,0
226,14,learnbuddy-backend-stg-75587bf7c-r7529,596,100,0
227,14,fsm-backend-prod-579b7846b9-qbxjw,50134,0,0
228,14,learnbuddy-backend-prod-5969b7c99c-f4g5n,1226,87,1
229,14,fsm-frontend-prod-c97f7b8c6-88psm,1062,0,0
230,14,learnbuddy-backend-prod-5969b7c99c-k9bqm,853,71,1
231,14,fsm-teachers-frontend-prod-558cb94cd4-8s6zz,302,0,0
232,14,centralized-user-prod-78bc9f7b96-txbcl,32103,0,0
233,14,cert-manager-5695c78d49-q9s9j,1360,0,0
234,14,fsm-backend-cron-prod-6bd6459455-p9p49,7364,0,0
235,14,nginx-ingress-controller-5b6697898-7wjsr,5823,0,0
236,14,nginx-ingress-controller-5b6697898-zqxl4,6012,0,0
237,14,runner-gitlab-runner-6bf97bb9b9-7q8hq,4,0,0
238,14,fsm-backend-prod-579b7846b9-krvsh,92300,0,0
239,14,fsm-frontend-prod-c97f7b8c6-6wb8r,1062,0,0
240,14,fsm-backend-prod-579b7846b9-stpj9,121676,0,0
241,14,learnbuddy-frontend-prod-5bfc5cdd8f-wmfbn,448,0,0
242,15,fsm-frontend-prod-c97f7b8c6-88psm,1242,0,0
243,15,fsm-backend-prod-579b7846b9-qbxjw,93160,0,0
244,15,fsm-assignment-stg-58b984db6f-jrnqc,2,0,0
245,15,fsm-backend-prod-579b7846b9-stpj9,183035,0,0
246,15,learnbuddy-frontend-prod-5bfc5cdd8f-wmfbn,450,0,0
247,15,nginx-ingress-controller-5b6697898-7wjsr,6523,0,0
248,15,nginx-ingress-controller-5b6697898-zqxl4,5988,0,0
249,15,centralized-user-prod-78bc9f7b96-txbcl,16526,0,0
250,15,fsm-teachers-frontend-prod-558cb94cd4-8s6zz,357,0,1
251,15,learnbuddy-backend-prod-5969b7c99c-f4g5n,4781,232,5
252,15,cert-manager-cainjector-658b6dbf77-8t625,173,0,0
253,15,centralized-user-prod-78bc9f7b96-fw74g,524,0,0
254,15,fsm-frontend-prod-c97f7b8c6-6wb8r,1239,0,1
255,15,centralized-user-prod-78bc9f7b96-q9gdm,13434,0,0
256,15,fsm-backend-prod-579b7846b9-krvsh,119181,0,0
257,15,learnbuddy-backend-stg-75587bf7c-r7529,600,100,0
258,15,fsm-backend-cron-prod-6bd6459455-p9p49,9395,0,0
259,15,cert-manager-5695c78d49-q9s9j,1360,0,0
260,16,cert-manager-5695c78d49-q9s9j,1360,0,0
261,16,learnbuddy-frontend-prod-5bfc5cdd8f-wmfbn,116,0,0
262,16,fsm-frontend-prod-c97f7b8c6-88psm,1148,0,0
263,16,learnbuddy-backend-prod-5969b7c99c-f4g5n,1581,92,9
264,16,centralized-user-prod-78bc9f7b96-txbcl,282,0,0
265,16,nginx-ingress-controller-5b6697898-zqxl4,3257,0,0
266,16,fsm-backend-prod-579b7846b9-krvsh,46429,0,0
267,16,cert-manager-cainjector-658b6dbf77-8t625,18,0,0
268,16,learnbuddy-backend-stg-75587bf7c-r7529,592,100,0
269,16,nginx-ingress-controller-5b6697898-7wjsr,3454,0,0
270,16,fsm-teachers-frontend-prod-558cb94cd4-8s6zz,264,0,0
271,16,fsm-frontend-prod-c97f7b8c6-6wb8r,1140,0,0
272,16,fsm-backend-prod-579b7846b9-stpj9,53155,0,0
273,16,fsm-backend-cron-prod-6bd6459455-p9p49,7459,0,0
274,16,fsm-backend-prod-579b7846b9-qbxjw,44180,0,0
275,17,fsm-backend-cron-prod-6bd6459455-p9p49,7670,0,0
276,17,learnbuddy-frontend-stg-76c798ccf7-bqqgd,4,0,0
277,17,runner-gitlab-runner-6bf97bb9b9-7q8hq,1,0,0
278,17,learnbuddy-frontend-prod-5bfc5cdd8f-wmfbn,90,0,0
279,17,cert-manager-5695c78d49-q9s9j,1360,0,0
280,17,learnbuddy-backend-stg-75587bf7c-r7529,600,100,0
281,17,nginx-ingress-controller-5b6697898-zqxl4,4081,0,0
282,17,fsm-frontend-prod-c97f7b8c6-88psm,86,0,0
283,17,learnbuddy-backend-prod-5969b7c99c-f4g5n,5721,116,5
284,17,cert-manager-cainjector-658b6dbf77-8t625,195,0,0
285,17,fsm-frontend-prod-c97f7b8c6-fklwx,1246,0,0
286,17,fsm-backend-prod-579b7846b9-krvsh,25578,0,0
287,17,fsm-frontend-prod-c97f7b8c6-v7r8w,1218,0,0
288,17,fsm-backend-prod-579b7846b9-qbxjw,33252,0,0
289,17,fsm-backend-prod-579b7846b9-stpj9,38325,0,0
290,17,fsm-frontend-prod-c97f7b8c6-6wb8r,34,0,0
291,17,fsm-teachers-frontend-prod-558cb94cd4-8s6zz,325,0,1
292,17,nginx-ingress-controller-5b6697898-7wjsr,3743,0,0
293,17,centralized-user-prod-78bc9f7b96-txbcl,2248,0,0
294,18,cert-manager-cainjector-658b6dbf77-8t625,135,0,0
295,18,cert-manager-5695c78d49-q9s9j,1360,0,0
296,18,learnbuddy-backend-prod-5969b7c99c-f4g5n,5013,217,8
297,18,fsm-frontend-prod-c97f7b8c6-v7r8w,1331,0,3
298,18,learnbuddy-frontend-prod-5bfc5cdd8f-wmfbn,162,0,0
299,18,nginx-ingress-controller-5b6697898-7wjsr,6743,0,0
300,18,learnbuddy-backend-prod-5969b7c99c-8z7zr,292,14,0
301,18,fsm-backend-prod-579b7846b9-stpj9,53247,0,0
302,18,fsm-frontend-prod-c97f7b8c6-fklwx,1336,0,2
303,18,fsm-backend-prod-579b7846b9-qbxjw,40015,0,0
304,18,fsm-backend-prod-579b7846b9-krvsh,46020,0,0
305,18,centralized-user-prod-78bc9f7b96-txbcl,2097,0,0
306,18,fsm-backend-cron-prod-6bd6459455-p9p49,5667,0,0
307,18,learnbuddy-backend-stg-75587bf7c-r7529,580,100,0
308,18,nginx-ingress-controller-5b6697898-zqxl4,7111,0,0
309,18,fsm-teachers-frontend-prod-558cb94cd4-8s6zz,318,0,0
310,19,runner-gitlab-runner-6bf97bb9b9-7q8hq,1,0,0
311,19,fsm-frontend-prod-c97f7b8c6-fklwx,1161,0,1
312,19,cert-manager-cainjector-658b6dbf77-8t625,15,0,0
313,19,fsm-backend-prod-579b7846b9-stpj9,48760,0,0
314,19,fsm-teachers-frontend-prod-558cb94cd4-8s6zz,270,0,0
315,19,fsm-backend-cron-prod-6bd6459455-p9p49,5050,0,0
316,19,learnbuddy-frontend-prod-5bfc5cdd8f-wmfbn,62,0,0
317,19,nginx-ingress-controller-5b6697898-zqxl4,5369,0,0
318,19,fsm-backend-prod-579b7846b9-qbxjw,43830,0,0
319,19,cert-manager-5695c78d49-q9s9j,1360,0,0
320,19,centralized-user-prod-78bc9f7b96-txbcl,232,0,0
321,19,learnbuddy-backend-stg-75587bf7c-r7529,596,100,0
322,19,nginx-ingress-controller-5b6697898-7wjsr,5358,0,0
323,19,learnbuddy-backend-prod-5969b7c99c-f4g5n,4932,150,3
324,19,fsm-frontend-prod-c97f7b8c6-v7r8w,1164,0,0
325,19,fsm-backend-prod-579b7846b9-krvsh,33353,0,0
326,20,fsm-backend-prod-579b7846b9-stpj9,9941,0,0
327,20,runner-gitlab-runner-6bf97bb9b9-7q8hq,8,0,0
328,20,fsm-backend-cron-prod-6bd6459455-p9p49,2211,0,0
329,20,learnbuddy-backend-prod-5969b7c99c-c9dzl,415,19,0
330,20,fsm-backend-prod-579b7846b9-tbgf4,8896,0,0
331,20,fsm-backend-prod-579b7846b9-9kt4p,12338,0,0
332,20,cert-manager-5695c78d49-q9s9j,1368,0,0
333,20,centralized-user-prod-78bc9f7b96-txbcl,4330,0,0
334,20,learnbuddy-backend-prod-5969b7c99c-f4g5n,523,12,0
335,20,learnbuddy-backend-prod-5969b7c99c-57xvx,356,23,1
336,20,fsm-backend-cron-prod-6bd6459455-sl24t,512,0,0
337,20,fsm-frontend-prod-c97f7b8c6-c2t4j,22,0,0
338,20,learnbuddy-frontend-prod-5bfc5cdd8f-fx6jc,6,0,0
339,20,fsm-frontend-prod-c97f7b8c6-fklwx,1130,0,0
340,20,fsm-frontend-prod-c97f7b8c6-v7r8w,1068,0,2
341,20,fsm-teachers-frontend-prod-558cb94cd4-8s6zz,306,0,0
342,20,fsm-backend-prod-579b7846b9-88vqc,10720,0,0
343,20,learnbuddy-frontend-prod-5bfc5cdd8f-wmfbn,90,0,0
344,20,fsm-backend-prod-579b7846b9-krvsh,14738,0,0
345,20,learnbuddy-backend-prod-5969b7c99c-8vztk,138,3,1
346,20,nginx-ingress-controller-5b6697898-zqxl4,3096,0,0
347,20,centralized-user-stg-5588f4454b-lb6s7,1969,0,0
348,20,fsm-backend-prod-579b7846b9-qbxjw,12852,0,0
349,20,learnbuddy-backend-stg-75587bf7c-r7529,596,100,0
350,20,cert-manager-cainjector-658b6dbf77-8t625,45,0,0
351,20,nginx-ingress-controller-5b6697898-7wjsr,3376,0,0
352,21,learnbuddy-frontend-prod-5bfc5cdd8f-hxsc8,2,0,0
353,21,fsm-backend-prod-579b7846b9-88vqc,57872,0,0
354,21,nginx-ingress-controller-5b6697898-7wjsr,6163,0,0
355,21,nginx-ingress-controller-5b6697898-zqxl4,6027,0,0
356,21,runner-gitlab-runner-6bf97bb9b9-7q8hq,4,0,0
357,21,fsm-backend-prod-579b7846b9-9kt4p,53723,0,0
358,21,cert-manager-cainjector-658b6dbf77-8t625,4,0,0
359,21,fsm-teachers-frontend-prod-558cb94cd4-8s6zz,306,0,0
360,21,fsm-frontend-prod-c97f7b8c6-fklwx,1212,0,0
361,21,learnbuddy-frontend-prod-5bfc5cdd8f-fx6jc,40,0,0
362,21,learnbuddy-backend-prod-5969b7c99c-8vztk,1807,109,26
363,21,cert-manager-5695c78d49-q9s9j,1363,0,0
364,21,fsm-frontend-prod-c97f7b8c6-c2t4j,1210,0,0
365,21,centralized-user-prod-78bc9f7b96-txbcl,581,0,0
366,21,fsm-backend-prod-579b7846b9-tbgf4,45320,0,0
367,21,learnbuddy-backend-stg-75587bf7c-r7529,590,100,0
368,21,fsm-backend-cron-prod-6bd6459455-sl24t,31459,0,0
369,22,learnbuddy-backend-prod-5969b7c99c-ndw68,212,12,0
370,22,learnbuddy-backend-stg-75587bf7c-r7529,598,100,0
371,22,fsm-backend-prod-579b7846b9-88vqc,59057,0,0
372,22,fsm-teachers-frontend-prod-558cb94cd4-8s6zz,322,0,0
373,22,fsm-backend-prod-579b7846b9-tbgf4,57982,0,0
374,22,fsm-backend-prod-579b7846b9-9kt4p,62578,0,0
375,22,fsm-frontend-prod-c97f7b8c6-c2t4j,998,0,0
376,22,fsm-backend-cron-prod-6bd6459455-sl24t,48412,0,0
377,22,centralized-user-prod-78bc9f7b96-txbcl,169,0,0
378,22,learnbuddy-backend-prod-5969b7c99c-8vztk,1233,123,1
379,22,nginx-ingress-controller-5b6697898-zqxl4,7235,0,0
380,22,cert-manager-5695c78d49-q9s9j,1364,0,0
381,22,fsm-frontend-prod-c97f7b8c6-fklwx,996,0,0
382,22,learnbuddy-frontend-prod-5bfc5cdd8f-hxsc8,84,0,0
383,22,cert-manager-cainjector-658b6dbf77-8t625,24,0,0
384,22,nginx-ingress-controller-5b6697898-7wjsr,6829,0,0
385,23,fsm-frontend-prod-c97f7b8c6-c2t4j,612,0,2
386,23,nginx-ingress-controller-5b6697898-7wjsr,3752,0,0
387,23,runner-gitlab-runner-6bf97bb9b9-7q8hq,4,0,0
388,23,cert-manager-cainjector-658b6dbf77-8t625,26,0,0
389,23,fsm-backend-prod-579b7846b9-88vqc,26157,0,0
390,23,learnbuddy-backend-stg-75587bf7c-r7529,596,100,0
391,23,learnbuddy-frontend-prod-5bfc5cdd8f-hxsc8,194,0,0
392,23,learnbuddy-backend-prod-5969b7c99c-8vztk,1998,62,8
393,23,cert-manager-5695c78d49-q9s9j,1365,0,0
394,23,fsm-backend-prod-579b7846b9-9kt4p,24372,0,0
395,23,nginx-ingress-controller-5b6697898-zqxl4,3693,0,0
396,23,fsm-teachers-frontend-prod-558cb94cd4-8s6zz,319,0,1
397,23,fsm-backend-prod-579b7846b9-tbgf4,25053,0,0
398,23,fsm-frontend-prod-c97f7b8c6-r5mnt,54,0,0
399,23,centralized-user-prod-78bc9f7b96-txbcl,409,0,0
400,23,fsm-frontend-prod-c97f7b8c6-p7n7p,56,0,0
401,23,fsm-frontend-prod-c97f7b8c6-fklwx,621,0,1
402,23,learnbuddy-backend-prod-5969b7c99c-g9g8s,100,0,0
